Time,blank,Sample 1,Sample 2,Sample 3,Sample 4,Sample 5,Sample 6,Sample 7,Sample 8,Sample 9,Sample 10,Sample 11,blank,Sample 1,Sample 2,Sample 3,Sample 4,Sample 5,Sample 6,Sample 7,Sample 8,Sample 9,Sample 10,Sample 11,blank,Sample 1,Sample 2,Sample 3,Sample 4,Sample 5,Sample 6,Sample 7,Sample 8,Sample 9,Sample 10,Sample 11,blank,Sample 1,Sample 2,Sample 3,Sample 4,Sample 5,Sample 6,Sample 7,Sample 8,Sample 9,Sample 10,Sample 11,blank,Sample 1,Sample 2,Sample 3,Sample 4,Sample 5,Sample 6,Sample 7,Sample 8,Sample 9,Sample 10,Sample 11,blank,Sample 1,Sample 2,Sample 3,Sample 4,Sample 5,Sample 6,Sample 7,Sample 8,Sample 9,Sample 10,Sample 11,,,,,,,,,,,,,,,,,,,,,,,,
0,0.098725,0.1068,0.10952,0.11612,0.12931,0.10944,0.11148,0.11367,0.11157,0.1223,0.11244,0.11097,0.09686,0.11912,0.11165,0.11237,0.11418,0.11266,0.11077,0.10746,0.11229,0.1159,0.11545,0.11399,0.098725,0.10863,0.11429,0.10888,0.11215,0.11145,0.10567,0.11598,0.11196,0.11539,0.11337,0.11136,0.094162,0.1159,0.1115,0.11044,0.11125,0.11205,0.11009,0.11149,0.10886,0.11298,0.11429,0.11154,0.094345,0.10127,0.10042,0.10278,0.10309,0.10622,0.12083,0.11561,0.11556,0.10755,0.11388,0.10751,0.097308,0.10452,0.10389,0.10732,0.11024,0.099881,0.11444,0.11419,0.11017,0.1138,0.11043,0.11473,0.096683,0.11125,0.10352,0.10697,0.10589,0.096331,0.11132,0.11326,0.11592,0.11444,0.11057,0.10941,0.090004,0.099471,0.10202,0.10437,0.10434,0.092524,0.1089,0.11256,0.11779,0.11318,0.1064,0.11548
20,0.096774,0.10467,0.10606,0.11314,0.10924,0.10801,0.10982,0.11179,0.1095,0.11887,0.11094,0.10927,0.097376,0.11561,0.11209,0.1114,0.11393,0.11073,0.10924,0.10644,0.11043,0.11381,0.11352,0.11181,0.096774,0.10841,0.1133,0.1098,0.11276,0.11015,0.10491,0.11373,0.11048,0.11376,0.11213,0.11016,0.094533,0.11204,0.11049,0.10933,0.11173,0.11076,0.10987,0.11056,0.10863,0.11166,0.11196,0.11033,0.093904,0.10264,0.10119,0.10272,0.10399,0.10309,0.11814,0.11393,0.11419,0.10629,0.11262,0.10644,0.09528,0.10569,0.10413,0.1063,0.10619,0.098303,0.11319,0.11274,0.10838,0.11218,0.10851,0.11264,0.097529,0.11036,0.10427,0.10627,0.10701,0.095822,0.10955,0.11148,0.11376,0.1124,0.10893,0.10805,0.089359,0.10039,0.10401,0.10476,0.10529,0.091204,0.10772,0.11109,0.11535,0.11059,0.10583,0.11385
40,0.096956,0.10424,0.10454,0.1105,0.10712,0.1078,0.10965,0.11144,0.10921,0.11844,0.11077,0.10903,0.095814,0.11344,0.10937,0.10735,0.1106,0.11036,0.10897,0.1062,0.11025,0.11178,0.11331,0.11158,0.096956,0.10737,0.11007,0.1068,0.11091,0.10992,0.10473,0.11351,0.11024,0.11351,0.11188,0.11002,0.095291,0.11062,0.10917,0.10597,0.10887,0.11046,0.10966,0.11036,0.10844,0.11142,0.1117,0.11005,0.095056,0.10547,0.10301,0.10506,0.10622,0.10196,0.11777,0.11362,0.11388,0.10624,0.11249,0.10647,0.094625,0.10792,0.10577,0.10834,0.10768,0.098005,0.11289,0.11247,0.10821,0.1115,0.1083,0.11238,0.095192,0.11326,0.10647,0.10913,0.10832,0.095243,0.10942,0.11119,0.11349,0.11216,0.1086,0.1079,0.088934,0.10353,0.10618,0.10727,0.10739,0.090821,0.10753,0.11085,0.11512,0.11038,0.10569,0.11371
60,0.096137,0.10425,0.1053,0.10952,0.1068,0.10771,0.10946,0.11138,0.10914,0.11815,0.11069,0.109,0.098029,0.11268,0.10917,0.10604,0.10908,0.11034,0.10895,0.10615,0.11009,0.11171,0.11322,0.11148,0.096137,0.10664,0.10948,0.1057,0.1102,0.10975,0.10469,0.11339,0.1102,0.11344,0.11178,0.10994,0.094327,0.1103,0.10799,0.10511,0.10819,0.11037,0.10961,0.11029,0.10845,0.11125,0.11167,0.1099,0.094785,0.11142,0.10731,0.109,0.1096,0.10127,0.11763,0.11354,0.11382,0.10625,0.1123,0.10656,0.09504,0.11294,0.11066,0.11255,0.11127,0.097323,0.11276,0.11237,0.10825,0.11138,0.10827,0.11224,0.094481,0.1178,0.11116,0.11346,0.11118,0.09489,0.10941,0.11106,0.11337,0.11203,0.10854,0.10786,0.088859,0.10942,0.11111,0.11143,0.11111,0.090729,0.10743,0.1108,0.11495,0.11025,0.10558,0.1136
80,0.09595,0.10441,0.10483,0.11017,0.10648,0.10773,0.10951,0.11122,0.10897,0.11744,0.11058,0.10894,0.095079,0.11208,0.10797,0.10553,0.10873,0.11012,0.10876,0.10601,0.11005,0.11156,0.11306,0.11132,0.09595,0.10712,0.10932,0.10562,0.11041,0.10968,0.10462,0.11319,0.1101,0.11339,0.11167,0.10988,0.094137,0.11054,0.10649,0.10503,0.10751,0.11018,0.1094,0.11016,0.10824,0.11127,0.11157,0.10986,0.095253,0.1174,0.11196,0.11331,0.11398,0.10059,0.11749,0.11341,0.1137,0.10614,0.11227,0.10653,0.094735,0.12066,0.11605,0.11727,0.11563,0.097114,0.11263,0.11221,0.10808,0.11131,0.10816,0.11214,0.10128,0.12631,0.11725,0.1183,0.11556,0.094393,0.10934,0.111,0.11328,0.11222,0.10849,0.10785,0.088627,0.11679,0.11729,0.11774,0.11573,0.09142,0.10743,0.11077,0.11487,0.11016,0.10561,0.1135
100,0.095782,0.1049,0.10433,0.10957,0.10644,0.10766,0.10943,0.11121,0.10902,0.1169,0.11055,0.10893,0.09716,0.11109,0.10822,0.10557,0.10844,0.11022,0.1088,0.10604,0.11002,0.11152,0.11306,0.11133,0.095782,0.10709,0.10884,0.1052,0.10975,0.10966,0.10468,0.11331,0.1101,0.1134,0.11169,0.10982,0.093943,0.11069,0.10633,0.10516,0.10741,0.11019,0.10943,0.11015,0.10831,0.11127,0.11155,0.10985,0.094997,0.12521,0.11813,0.11985,0.12015,0.10031,0.11746,0.11338,0.11368,0.10613,0.11217,0.10651,0.09471,0.12778,0.12323,0.12418,0.12142,0.096903,0.11257,0.11225,0.10821,0.11131,0.10819,0.1121,0.094372,0.13332,0.12526,0.12535,0.12111,0.094476,0.10934,0.11095,0.11327,0.11239,0.10848,0.10789,0.088533,0.12561,0.1246,0.12414,0.12177,0.091453,0.10738,0.11067,0.11491,0.11019,0.1056,0.11391
120,0.095606,0.10507,0.10479,0.10966,0.10614,0.10762,0.10947,0.11113,0.10895,0.11676,0.1105,0.10895,0.096193,0.10788,0.10788,0.10649,0.10837,0.1101,0.10877,0.10601,0.10997,0.11148,0.11298,0.11132,0.095606,0.10737,0.10944,0.10535,0.1098,0.10964,0.10467,0.11319,0.11011,0.11335,0.11158,0.10978,0.09471,0.11135,0.10625,0.10506,0.10734,0.11013,0.10939,0.11015,0.1083,0.11117,0.11156,0.10974,0.09465,0.13679,0.1265,0.12946,0.12678,0.099883,0.11748,0.11339,0.11356,0.10612,0.11212,0.10651,0.094461,0.13779,0.13216,0.13335,0.12929,0.096725,0.11251,0.11222,0.10808,0.11123,0.10814,0.1121,0.094353,0.14131,0.13457,0.13463,0.12909,0.094181,0.10927,0.1109,0.11324,0.1124,0.10846,0.10787,0.088534,0.13863,0.13513,0.13367,0.12966,0.091318,0.10739,0.11064,0.11478,0.11013,0.10556,0.11383
140,0.094882,0.10579,0.10528,0.11003,0.10634,0.10759,0.10945,0.1111,0.10891,0.11665,0.11047,0.1089,0.097093,0.10807,0.10805,0.10695,0.10874,0.11008,0.10865,0.10599,0.10988,0.11139,0.11298,0.11123,0.094882,0.10774,0.11023,0.10609,0.11021,0.10961,0.10464,0.11315,0.11005,0.11323,0.11157,0.10976,0.096019,0.11218,0.10661,0.10558,0.10748,0.11007,0.10936,0.11011,0.10822,0.11118,0.11156,0.1097,0.095464,0.15103,0.13681,0.14042,0.13602,0.099569,0.11735,0.11331,0.11351,0.10613,0.11201,0.10649,0.094405,0.15023,0.14275,0.14488,0.13909,0.096667,0.1125,0.11213,0.10802,0.11117,0.10808,0.11202,0.095231,0.15427,0.1454,0.14738,0.13816,0.094157,0.1092,0.11087,0.11321,0.11234,0.10843,0.10778,0.088449,0.15319,0.14574,0.14632,0.13984,0.091433,0.10734,0.1106,0.11468,0.11006,0.1055,0.11377
160,0.095225,0.10643,0.1055,0.1101,0.10671,0.10757,0.10937,0.111,0.10881,0.1166,0.11041,0.10887,0.096955,0.10901,0.10861,0.10698,0.10898,0.11008,0.10864,0.10594,0.10983,0.1113,0.11293,0.11123,0.095225,0.10842,0.10901,0.10583,0.10879,0.10952,0.1046,0.11305,0.11,0.11325,0.1115,0.10967,0.09464,0.11303,0.1071,0.10574,0.1079,0.10999,0.10931,0.11009,0.10817,0.11111,0.11159,0.10967,0.095498,0.1715,0.14933,0.15496,0.14543,0.099124,0.11733,0.1133,0.11348,0.10607,0.11202,0.10646,0.094139,0.16635,0.15527,0.15971,0.14803,0.096548,0.11243,0.112,0.10793,0.11117,0.10797,0.11193,0.093147,0.16903,0.16431,0.16335,0.14835,0.093934,0.10916,0.11079,0.11311,0.11227,0.10831,0.1078,0.088484,0.17676,0.16309,0.1619,0.14977,0.091197,0.10725,0.11054,0.11465,0.10989,0.10548,0.11368
180,0.09483,0.10812,0.10653,0.11018,0.10708,0.10747,0.10928,0.11091,0.10878,0.11645,0.11038,0.10888,0.097045,0.11255,0.10947,0.1076,0.10929,0.10999,0.10864,0.1059,0.10976,0.11136,0.11285,0.11112,0.09483,0.11125,0.10933,0.10618,0.10873,0.10945,0.10469,0.11308,0.10999,0.11323,0.11144,0.1097,0.097476,0.1165,0.10842,0.1058,0.10824,0.10983,0.10923,0.11008,0.10818,0.11114,0.11155,0.10965,0.095276,0.19758,0.16806,0.17805,0.1646,0.099,0.11732,0.11325,0.11344,0.10601,0.11203,0.10644,0.094185,0.19121,0.17468,0.1824,0.16736,0.096457,0.11233,0.11208,0.10793,0.11114,0.10797,0.11194,0.093186,0.19428,0.18415,0.18744,0.16672,0.093868,0.10914,0.11072,0.11305,0.11234,0.10833,0.10774,0.088372,0.20402,0.18309,0.18787,0.16925,0.09124,0.10722,0.11057,0.1146,0.10991,0.10543,0.11365
200,0.095162,0.11019,0.10739,0.11047,0.10673,0.10742,0.10921,0.11082,0.10876,0.11639,0.11037,0.1088,0.094216,0.11248,0.10986,0.1076,0.10968,0.10998,0.10852,0.10582,0.10973,0.11125,0.11279,0.11112,0.095162,0.11266,0.11054,0.10696,0.11011,0.10942,0.10463,0.11302,0.1099,0.1131,0.11139,0.10958,0.094439,0.11623,0.10924,0.1063,0.10847,0.10972,0.10916,0.10996,0.10807,0.1111,0.11148,0.10959,0.094722,0.22762,0.18788,0.20406,0.18419,0.098713,0.11715,0.11318,0.11342,0.10601,0.11186,0.10643,0.094005,0.21899,0.19482,0.20867,0.18723,0.096381,0.11229,0.11194,0.10791,0.11117,0.10799,0.1119,0.093661,0.21971,0.20688,0.21494,0.18636,0.093629,0.10911,0.11074,0.11309,0.11218,0.10834,0.10781,0.088097,0.23759,0.20536,0.21613,0.18974,0.091088,0.1072,0.11057,0.11402,0.10991,0.10543,0.11365
220,0.094579,0.1127,0.1108,0.1109,0.10723,0.10754,0.10919,0.11085,0.10878,0.11637,0.11042,0.10888,0.096662,0.11498,0.11135,0.10842,0.11006,0.10995,0.10852,0.10591,0.1098,0.1113,0.11278,0.11116,0.094579,0.1155,0.11081,0.10743,0.11038,0.10947,0.10467,0.11294,0.10995,0.11319,0.1115,0.10964,0.095784,0.1186,0.11076,0.10702,0.1092,0.10963,0.10932,0.11004,0.10822,0.11108,0.11163,0.10962,0.094368,0.25855,0.21013,0.23454,0.20589,0.10034,0.11724,0.11321,0.11348,0.10602,0.11195,0.10649,0.093973,0.24911,0.21661,0.23958,0.20979,0.096485,0.11234,0.11197,0.10791,0.11112,0.10798,0.11192,0.094581,0.24908,0.2298,0.2472,0.20904,0.093474,0.10911,0.11074,0.11304,0.11242,0.10831,0.10781,0.088095,0.27034,0.22763,0.24948,0.21267,0.091173,0.10722,0.1105,0.11407,0.10988,0.10548,0.11365
240,0.09484,0.11608,0.11026,0.1115,0.10744,0.10747,0.1092,0.11078,0.10873,0.1162,0.11034,0.10887,0.094871,0.11893,0.11351,0.10868,0.11042,0.10996,0.10857,0.10586,0.10972,0.11123,0.11281,0.11112,0.09484,0.11908,0.11284,0.10786,0.11056,0.10945,0.10462,0.11298,0.10993,0.11312,0.11147,0.10957,0.09552,0.12236,0.11285,0.10742,0.10917,0.1096,0.10923,0.11002,0.10807,0.11117,0.11155,0.10958,0.094804,0.29676,0.23341,0.26841,0.22931,0.098266,0.11723,0.11313,0.11337,0.106,0.11194,0.10645,0.094128,0.28442,0.23959,0.27386,0.23328,0.096394,0.11232,0.11195,0.10791,0.11114,0.10796,0.11188,0.092438,0.28203,0.25041,0.28096,0.23199,0.093346,0.10911,0.11075,0.11305,0.11246,0.10833,0.10778,0.08801,0.31513,0.24992,0.28507,0.23659,0.091217,0.10721,0.1106,0.11394,0.10986,0.10552,0.11363
260,0.09426,0.11961,0.11388,0.11238,0.1079,0.10752,0.10926,0.1108,0.10872,0.11608,0.11029,0.10889,0.093243,0.12275,0.11555,0.10867,0.11077,0.10991,0.10853,0.10586,0.1097,0.11121,0.11285,0.11112,0.09426,0.12291,0.11455,0.10887,0.11216,0.10942,0.10463,0.11296,0.10988,0.11312,0.11145,0.10958,0.095606,0.12646,0.11527,0.10824,0.10967,0.10957,0.1092,0.11002,0.1081,0.11099,0.11154,0.10953,0.094472,0.33319,0.2492,0.30358,0.25007,0.097667,0.11713,0.11315,0.11335,0.106,0.11191,0.10644,0.093788,0.32195,0.25485,0.3126,0.25398,0.096282,0.11229,0.11201,0.10791,0.11103,0.10797,0.1118,0.092683,0.32154,0.26259,0.31746,0.25399,0.093406,0.10912,0.11066,0.11299,0.1124,0.10825,0.10774,0.087777,0.34823,0.2623,0.32662,0.25844,0.091069,0.10714,0.11046,0.11394,0.10986,0.10546,0.11361
280,0.094656,0.124,0.11511,0.11446,0.10816,0.10747,0.10924,0.11076,0.10863,0.11597,0.11034,0.10889,0.093988,0.12696,0.11742,0.10963,0.11131,0.10991,0.1086,0.10584,0.10969,0.11121,0.1128,0.11109,0.094656,0.12636,0.11616,0.10993,0.11062,0.10935,0.10463,0.11297,0.10997,0.11311,0.11145,0.10958,0.094104,0.13095,0.11713,0.10912,0.10996,0.10954,0.1092,0.10999,0.10811,0.11102,0.11157,0.10956,0.094687,0.36226,0.26103,0.33779,0.2629,0.097463,0.11717,0.11319,0.11337,0.10605,0.11186,0.10649,0.093714,0.35098,0.26726,0.34988,0.26722,0.096234,0.11229,0.11193,0.10793,0.11108,0.10795,0.11183,0.092535,0.3559,0.27527,0.35412,0.26731,0.093346,0.10913,0.11067,0.1129,0.11241,0.10818,0.10778,0.087772,0.37353,0.27552,0.36062,0.27203,0.091058,0.10717,0.11046,0.114,0.10984,0.10547,0.11354
300,0.094098,0.13138,0.11796,0.11476,0.10854,0.10751,0.10924,0.11075,0.10868,0.1158,0.11026,0.10889,0.094872,0.13361,0.1201,0.11158,0.1116,0.10988,0.10854,0.10586,0.10963,0.11119,0.11281,0.11113,0.094098,0.13386,0.11884,0.11096,0.11194,0.10935,0.10459,0.11298,0.10989,0.11309,0.1114,0.10958,0.093378,0.13731,0.11971,0.11098,0.11081,0.1095,0.10916,0.10997,0.10803,0.111,0.11149,0.10954,0.094225,0.38141,0.27177,0.36414,0.2728,0.097348,0.11709,0.11317,0.11336,0.10602,0.11181,0.10641,0.093559,0.37363,0.27768,0.37424,0.27849,0.096115,0.11229,0.1119,0.10791,0.1111,0.10798,0.11177,0.091887,0.37955,0.28637,0.37938,0.27829,0.093375,0.10909,0.11064,0.11261,0.11234,0.10825,0.10773,0.087677,0.38685,0.28594,0.38097,0.28194,0.091151,0.10716,0.11045,0.11388,0.10983,0.10546,0.1135
320,0.094513,0.13885,0.11982,0.11664,0.10923,0.10742,0.10917,0.11066,0.10862,0.11568,0.11021,0.10877,0.092634,0.14229,0.12319,0.11322,0.11227,0.10991,0.10846,0.10576,0.10965,0.11116,0.11271,0.11104,0.094513,0.14298,0.12147,0.11266,0.11141,0.10932,0.10462,0.11293,0.10985,0.11305,0.11133,0.10951,0.093446,0.14568,0.12231,0.11297,0.11136,0.1094,0.10918,0.11004,0.10831,0.11102,0.11151,0.10945,0.094707,0.39615,0.28541,0.38391,0.28225,0.09694,0.11708,0.11309,0.1133,0.10597,0.11184,0.10641,0.09352,0.39267,0.29303,0.39016,0.28821,0.096237,0.11218,0.11177,0.10782,0.11098,0.10785,0.11173,0.093648,0.39774,0.3042,0.39795,0.28851,0.093228,0.10907,0.11072,0.11258,0.11233,0.10824,0.10781,0.087373,0.39998,0.30133,0.39862,0.29227,0.09109,0.10712,0.11043,0.11368,0.10972,0.10539,0.11351
340,0.094161,0.14688,0.12282,0.11902,0.1099,0.10742,0.10917,0.11069,0.10865,0.11573,0.11022,0.10882,0.092444,0.14996,0.12601,0.1152,0.11275,0.10993,0.10847,0.10578,0.10965,0.11114,0.11277,0.11107,0.094161,0.14774,0.12445,0.11475,0.11305,0.10937,0.10466,0.11292,0.10991,0.11307,0.11139,0.10949,0.095985,0.15446,0.12519,0.1151,0.11183,0.10952,0.10921,0.11009,0.10852,0.11102,0.11153,0.10944,0.094391,0.40618,0.30257,0.39922,0.29645,0.097928,0.11711,0.11308,0.11331,0.10602,0.11184,0.10646,0.093344,0.40596,0.30976,0.40354,0.29949,0.096073,0.11217,0.11182,0.10794,0.11102,0.10793,0.11179,0.09164,0.41075,0.32422,0.41064,0.29928,0.093034,0.10909,0.11063,0.11252,0.11241,0.10822,0.10777,0.087472,0.41464,0.31963,0.41052,0.3033,0.090936,0.10716,0.1104,0.1137,0.1098,0.10546,0.11346
360,0.093222,0.15764,0.12555,0.12203,0.11247,0.10743,0.10914,0.11068,0.1086,0.11569,0.11018,0.10878,0.094434,0.16169,0.1281,0.11871,0.11674,0.10991,0.10846,0.10585,0.10954,0.11106,0.11275,0.11109,0.093222,0.16197,0.13041,0.11758,0.11435,0.10931,0.10464,0.11288,0.10984,0.11304,0.11136,0.10946,0.092865,0.16442,0.12768,0.1183,0.11321,0.10937,0.10918,0.10998,0.10842,0.111,0.11151,0.10946,0.094203,0.41635,0.3209,0.40949,0.30951,0.097026,0.11712,0.11306,0.1133,0.10585,0.11194,0.10641,0.093304,0.41781,0.32658,0.41735,0.31351,0.096087,0.11215,0.11178,0.10788,0.11108,0.10786,0.1117,0.098101,0.42071,0.33994,0.4195,0.31223,0.093047,0.10904,0.11056,0.11252,0.11237,0.10818,0.10785,0.087331,0.42562,0.33475,0.42325,0.31939,0.090929,0.10708,0.11049,0.11361,0.10964,0.10539,0.11341
380,0.093809,0.16742,0.12859,0.12524,0.11184,0.10747,0.10928,0.1107,0.10859,0.11569,0.11022,0.10885,0.092548,0.17317,0.13149,0.12162,0.11499,0.10999,0.1086,0.10588,0.10952,0.11105,0.11282,0.11116,0.093809,0.17474,0.13448,0.12058,0.11439,0.10934,0.10467,0.11306,0.10982,0.11292,0.11136,0.10938,0.093555,0.17653,0.13132,0.12237,0.11415,0.10947,0.10923,0.1101,0.10854,0.11092,0.11151,0.10942,0.093884,0.42933,0.33221,0.42138,0.32527,0.097218,0.11711,0.11317,0.11325,0.1059,0.11187,0.10646,0.093262,0.43391,0.33762,0.42751,0.32884,0.096138,0.11219,0.11186,0.10804,0.11105,0.10794,0.1117,0.091443,0.4364,0.35191,0.43304,0.32673,0.092878,0.10906,0.11066,0.11252,0.11234,0.1082,0.10786,0.087377,0.44151,0.34606,0.43801,0.3333,0.090867,0.10711,0.1103,0.11354,0.10964,0.10538,0.1134
400,0.093732,0.17938,0.13405,0.12744,0.11359,0.10745,0.10918,0.11065,0.10854,0.11564,0.1102,0.10881,0.090952,0.18618,0.13646,0.12425,0.1165,0.1099,0.10856,0.10584,0.10956,0.11111,0.11278,0.11111,0.093732,0.18777,0.13773,0.12325,0.11594,0.10929,0.10465,0.11305,0.1098,0.11295,0.11136,0.1094,0.09259,0.1882,0.13653,0.12474,0.11557,0.10937,0.1092,0.10998,0.10843,0.11103,0.11149,0.10937,0.093763,0.44714,0.34237,0.43183,0.33644,0.096785,0.11708,0.11314,0.11329,0.10594,0.1119,0.10644,0.093277,0.45134,0.34756,0.4381,0.33956,0.096116,0.11212,0.11177,0.10799,0.11105,0.10786,0.11172,0.092543,0.45452,0.36201,0.44216,0.34198,0.092443,0.10901,0.11061,0.1125,0.11235,0.10818,0.10784,0.0878,0.4558,0.35598,0.45041,0.34349,0.090783,0.10712,0.11035,0.11369,0.10972,0.10539,0.11343
420,0.093372,0.19264,0.13847,0.13198,0.11493,0.10748,0.10922,0.11066,0.10859,0.11557,0.11017,0.10887,0.091297,0.20048,0.14238,0.12832,0.11853,0.10992,0.10848,0.10585,0.10945,0.11087,0.1127,0.11108,0.093372,0.20218,0.1452,0.12717,0.11823,0.1093,0.10466,0.113,0.10981,0.11298,0.11131,0.10932,0.094385,0.20178,0.14193,0.12799,0.11733,0.10938,0.10917,0.11008,0.10847,0.11097,0.11156,0.10939,0.093562,0.45278,0.35088,0.44349,0.34564,0.096819,0.1171,0.11313,0.11326,0.1059,0.11182,0.10644,0.092951,0.46703,0.35933,0.45058,0.34798,0.096231,0.11212,0.11181,0.10796,0.1111,0.10791,0.11167,0.094213,0.46946,0.37747,0.45604,0.35466,0.092088,0.10903,0.11062,0.1125,0.11233,0.10822,0.10784,0.087171,0.46058,0.36695,0.46514,0.35506,0.090869,0.10709,0.11029,0.11363,0.10972,0.10543,0.11341
440,0.093562,0.20656,0.14433,0.13897,0.11703,0.10745,0.10923,0.1106,0.10853,0.11547,0.11018,0.10882,0.092186,0.21486,0.14823,0.13489,0.11957,0.10991,0.10848,0.1058,0.10952,0.11077,0.11259,0.11105,0.093562,0.21697,0.15491,0.13347,0.11914,0.10933,0.10463,0.11299,0.10978,0.11293,0.11135,0.10938,0.09187,0.21623,0.14823,0.13415,0.11857,0.10944,0.10921,0.11008,0.10848,0.11089,0.11155,0.10937,0.096811,0.46054,0.36356,0.45261,0.35228,0.10204,0.11708,0.11311,0.11326,0.1059,0.11186,0.10643,0.092551,0.47435,0.37401,0.46154,0.35546,0.095984,0.11211,0.11186,0.10795,0.11102,0.10793,0.11161,0.091261,0.47889,0.39145,0.46488,0.36335,0.092064,0.10908,0.11061,0.1125,0.11235,0.10819,0.10781,0.087185,0.46668,0.37903,0.4671,0.36393,0.090835,0.1071,0.11035,0.11361,0.10969,0.1054,0.11343
460,0.093429,0.22295,0.15074,0.14632,0.11904,0.10751,0.10926,0.11066,0.10855,0.11542,0.11022,0.10884,0.092304,0.23081,0.15603,0.14273,0.12211,0.10996,0.10856,0.10583,0.10945,0.11064,0.11259,0.11111,0.093429,0.23351,0.16323,0.1419,0.12134,0.1093,0.10468,0.11299,0.10982,0.11297,0.11135,0.10938,0.093039,0.23141,0.15596,0.14264,0.12107,0.1094,0.10915,0.11004,0.10843,0.111,0.11149,0.10939,0.093569,0.4667,0.37405,0.46381,0.3618,0.096493,0.11704,0.1132,0.11326,0.10592,0.11175,0.10649,0.092304,0.48233,0.38676,0.4727,0.36721,0.096015,0.1121,0.11175,0.10799,0.11103,0.10787,0.11157,0.091773,0.47965,0.40346,0.47481,0.37207,0.091793,0.10901,0.11059,0.11249,0.11232,0.10818,0.10788,0.087125,0.47215,0.39252,0.47958,0.37413,0.090837,0.10705,0.11031,0.11361,0.10967,0.10533,0.11336
480,0.092958,0.23997,0.15792,0.15437,0.12074,0.10744,0.10928,0.11058,0.10848,0.11542,0.11017,0.10874,0.091701,0.24729,0.16222,0.14983,0.12421,0.11001,0.10859,0.10581,0.1094,0.11059,0.11246,0.1111,0.092958,0.24952,0.16981,0.14902,0.12377,0.10925,0.10465,0.11304,0.10976,0.11286,0.11131,0.10933,0.093267,0.24908,0.16321,0.14933,0.12393,0.10939,0.10921,0.11002,0.10846,0.11098,0.11148,0.10932,0.092929,0.47112,0.38548,0.47527,0.37295,0.096584,0.11708,0.11318,0.11317,0.10582,0.11183,0.10643,0.092103,0.49001,0.39946,0.48225,0.37694,0.096013,0.11207,0.11174,0.1079,0.11105,0.10789,0.11142,0.091761,0.48991,0.41459,0.4839,0.38213,0.09158,0.10895,0.11052,0.11252,0.11233,0.10823,0.10785,0.087162,0.48176,0.40346,0.49259,0.38393,0.090763,0.10705,0.1103,0.1136,0.10955,0.10533,0.11333
500,0.092982,0.25619,0.16607,0.16374,0.12195,0.10727,0.10914,0.1105,0.10846,0.11527,0.11006,0.10862,0.091411,0.2639,0.17039,0.159,0.12604,0.10983,0.10846,0.10574,0.10937,0.11051,0.11238,0.11101,0.092982,0.26709,0.17839,0.15809,0.12533,0.1092,0.10462,0.11296,0.1097,0.11284,0.11125,0.10923,0.092199,0.26582,0.17101,0.15787,0.12629,0.10928,0.10916,0.10996,0.10843,0.11092,0.11146,0.10924,0.093414,0.47581,0.39389,0.48187,0.3811,0.096661,0.11698,0.11306,0.11316,0.10577,0.11183,0.10648,0.09212,0.49752,0.41065,0.49393,0.38825,0.096068,0.11203,0.11172,0.10788,0.11101,0.10787,0.11141,0.091043,0.49462,0.42685,0.49511,0.39588,0.091592,0.10896,0.1105,0.1125,0.11227,0.10807,0.10791,0.087133,0.488,0.41495,0.50162,0.39605,0.090907,0.10698,0.11034,0.11344,0.10948,0.10529,0.1133
520,0.093892,0.27238,0.17279,0.17372,0.12253,0.10739,0.10915,0.11056,0.10844,0.11528,0.11006,0.1087,0.091965,0.28063,0.17934,0.16945,0.12705,0.10989,0.10846,0.10575,0.10939,0.11051,0.11239,0.11104,0.093892,0.2856,0.18757,0.16828,0.12658,0.10919,0.10467,0.11298,0.10978,0.11278,0.11127,0.10919,0.092439,0.28413,0.17952,0.16784,0.1272,0.10934,0.10914,0.11003,0.10847,0.11094,0.11147,0.10923,0.092678,0.48212,0.40444,0.49202,0.39383,0.10173,0.11703,0.11308,0.11315,0.10578,0.11174,0.1064,0.09196,0.49978,0.41997,0.5045,0.39757,0.095988,0.11203,0.11173,0.10797,0.11103,0.10785,0.11139,0.092153,0.49895,0.4344,0.50137,0.40579,0.091373,0.10895,0.1105,0.11244,0.11226,0.1081,0.10785,0.087055,0.48997,0.42346,0.50796,0.40638,0.090732,0.10693,0.11033,0.11343,0.10952,0.10529,0.11322
540,0.091766,0.28478,0.18303,0.18591,0.12477,0.10739,0.1092,0.11049,0.10844,0.11525,0.1101,0.10863,0.090579,0.2979,0.1883,0.18061,0.12872,0.10988,0.10845,0.10576,0.10939,0.11047,0.11237,0.11101,0.091766,0.3036,0.19687,0.17886,0.12742,0.10921,0.10462,0.11294,0.1097,0.11283,0.1113,0.10922,0.090539,0.30163,0.18882,0.17899,0.12802,0.10921,0.10909,0.10993,0.10837,0.11102,0.11144,0.10928,0.092724,0.48588,0.41251,0.49953,0.4025,0.096768,0.11707,0.11311,0.11314,0.10578,0.11185,0.10641,0.092087,0.50507,0.42804,0.51139,0.40854,0.096151,0.11201,0.1117,0.10785,0.11097,0.10778,0.11142,0.09067,0.50372,0.44123,0.50741,0.41717,0.091079,0.10889,0.11056,0.11235,0.11227,0.10809,0.10788,0.086979,0.49204,0.43012,0.51712,0.41857,0.090624,0.10692,0.11031,0.11349,0.10947,0.10526,0.11329
560,0.091824,0.3011,0.192,0.19941,0.12785,0.10734,0.10911,0.11045,0.10844,0.11524,0.11013,0.10861,0.089826,0.31337,0.19813,0.1931,0.13109,0.10987,0.10841,0.10581,0.10939,0.11046,0.11235,0.11103,0.091824,0.32071,0.20695,0.19034,0.12922,0.10919,0.10467,0.11289,0.10976,0.11286,0.11121,0.10927,0.090477,0.32122,0.19862,0.19104,0.13002,0.10926,0.10916,0.10994,0.10836,0.11109,0.11146,0.10926,0.092675,0.48611,0.41921,0.50504,0.41372,0.09623,0.1171,0.11317,0.11317,0.10573,0.1119,0.10647,0.091961,0.50803,0.43365,0.51617,0.41832,0.095992,0.11198,0.11172,0.10792,0.11106,0.10784,0.11137,0.09147,0.50649,0.44476,0.5124,0.42748,0.090968,0.10895,0.1105,0.1124,0.1123,0.10805,0.10794,0.086917,0.49354,0.43538,0.52155,0.4283,0.090762,0.10695,0.11036,0.11343,0.10944,0.10532,0.11328
580,0.091099,0.31303,0.2026,0.21277,0.1312,0.10751,0.10921,0.11056,0.10842,0.11525,0.11015,0.10867,0.091666,0.32946,0.20825,0.20641,0.13475,0.10996,0.10853,0.1058,0.10941,0.11047,0.11235,0.1111,0.091099,0.33512,0.21768,0.20409,0.13317,0.10924,0.10468,0.11293,0.10974,0.11283,0.11127,0.10927,0.089789,0.33556,0.20859,0.20367,0.13297,0.10924,0.10914,0.10994,0.10848,0.11095,0.11191,0.10928,0.09225,0.48725,0.42379,0.50806,0.42349,0.096235,0.11708,0.11313,0.11317,0.10585,0.1119,0.10647,0.091846,0.51066,0.43753,0.52009,0.42824,0.095949,0.11205,0.11174,0.10804,0.11112,0.10787,0.11145,0.091095,0.50892,0.44853,0.51831,0.43725,0.091066,0.10898,0.1105,0.11239,0.11232,0.10808,0.10792,0.087272,0.49624,0.43854,0.52366,0.4354,0.090628,0.10701,0.11036,0.11348,0.10933,0.10534,0.11327
600,0.090998,0.32308,0.21319,0.22614,0.1359,0.10745,0.10919,0.11051,0.1084,0.11525,0.11012,0.10867,0.091961,0.34064,0.21793,0.21896,0.13953,0.10994,0.10851,0.10579,0.10938,0.11043,0.11237,0.11107,0.090998,0.34872,0.22771,0.21669,0.13734,0.10922,0.10471,0.11298,0.10971,0.11279,0.11129,0.10921,0.090455,0.3497,0.2193,0.21692,0.13692,0.10927,0.10911,0.10998,0.10846,0.11097,0.11185,0.10926,0.092567,0.49008,0.4286,0.51431,0.43297,0.096302,0.11704,0.11308,0.11314,0.10582,0.11181,0.10646,0.091781,0.51278,0.44163,0.52161,0.43689,0.09604,0.11202,0.11164,0.10795,0.11102,0.10785,0.11139,0.097193,0.51095,0.45065,0.51991,0.44593,0.090826,0.10888,0.11042,0.11228,0.11229,0.10809,0.10781,0.086933,0.49638,0.44165,0.52676,0.44229,0.090579,0.10696,0.11034,0.11339,0.10929,0.10523,0.1132
620,0.090753,0.33259,0.22426,0.24123,0.13988,0.1074,0.10914,0.11049,0.10836,0.11519,0.11008,0.1086,0.091131,0.3504,0.22895,0.23354,0.14454,0.10987,0.10838,0.10574,0.10934,0.1104,0.11222,0.11101,0.090753,0.35843,0.23945,0.23154,0.14273,0.10913,0.10463,0.11291,0.10968,0.11277,0.11116,0.10913,0.090155,0.35924,0.22984,0.23194,0.14181,0.10917,0.10909,0.10989,0.10838,0.11094,0.11179,0.10921,0.091731,0.48987,0.43121,0.51447,0.44011,0.096186,0.11703,0.11303,0.11303,0.1057,0.11181,0.10637,0.091348,0.51407,0.44436,0.52331,0.44321,0.095992,0.11197,0.11164,0.10789,0.11098,0.10773,0.11134,0.093624,0.5127,0.45311,0.52364,0.45333,0.09074,0.10889,0.11035,0.11227,0.11226,0.108,0.10783,0.086929,0.49678,0.44452,0.52856,0.44869,0.090665,0.10692,0.11027,0.11326,0.10923,0.10525,0.11315
640,0.091119,0.33946,0.23562,0.25574,0.14447,0.10738,0.10914,0.11048,0.10833,0.11519,0.11005,0.10859,0.09069,0.35674,0.24051,0.2482,0.14878,0.10979,0.10839,0.10571,0.10932,0.11036,0.11229,0.11097,0.091119,0.3653,0.25154,0.24593,0.14749,0.10914,0.10458,0.11286,0.1097,0.11272,0.11122,0.10918,0.092542,0.36674,0.24217,0.24728,0.14671,0.10921,0.1091,0.10996,0.1083,0.11095,0.11186,0.10917,0.09182,0.49079,0.43247,0.51308,0.44526,0.096036,0.11696,0.11309,0.11302,0.10573,0.11165,0.10641,0.091298,0.51369,0.44623,0.52296,0.44717,0.095873,0.11196,0.11164,0.10788,0.11097,0.10779,0.11131,0.093357,0.51229,0.45371,0.5185,0.45773,0.091316,0.10889,0.11044,0.11227,0.11226,0.10807,0.10793,0.086762,0.49763,0.44636,0.52609,0.45346,0.090544,0.10691,0.11027,0.11328,0.10927,0.10527,0.1132
660,0.090877,0.34381,0.24595,0.2697,0.14877,0.10746,0.10917,0.11048,0.10836,0.11523,0.11005,0.10866,0.090776,0.36171,0.25088,0.26244,0.15379,0.10992,0.10845,0.10573,0.10933,0.11041,0.11238,0.11106,0.090877,0.37089,0.26274,0.26003,0.1526,0.1092,0.10465,0.11297,0.1098,0.11277,0.11126,0.10916,0.090888,0.37282,0.25281,0.2614,0.1512,0.10927,0.10913,0.10996,0.10837,0.11089,0.11188,0.10921,0.091763,0.49383,0.43447,0.51487,0.4533,0.096014,0.117,0.11306,0.11308,0.10577,0.11158,0.10644,0.091337,0.51383,0.44788,0.52501,0.4523,0.095939,0.11202,0.11166,0.10787,0.111,0.10781,0.11136,0.09014,0.51313,0.45594,0.51946,0.46197,0.090846,0.10892,0.11049,0.11225,0.11228,0.10808,0.10794,0.086958,0.49627,0.44946,0.52288,0.45848,0.09057,0.10691,0.11033,0.11331,0.10933,0.10536,0.11318
680,0.0905,0.3503,0.25963,0.28528,0.15432,0.10737,0.10914,0.11048,0.1083,0.11509,0.1101,0.10861,0.091174,0.36611,0.262,0.27659,0.15966,0.10991,0.10847,0.10583,0.10925,0.11037,0.11235,0.11101,0.0905,0.37492,0.27489,0.27557,0.15841,0.10921,0.10461,0.1129,0.10963,0.1127,0.1112,0.10913,0.091282,0.37844,0.26514,0.27614,0.15662,0.10919,0.10909,0.10997,0.1084,0.11093,0.11187,0.10917,0.091508,0.49243,0.43655,0.51816,0.45863,0.096112,0.11694,0.11296,0.11306,0.10578,0.11146,0.10636,0.091235,0.51434,0.44999,0.51771,0.45572,0.095828,0.112,0.11166,0.10791,0.11099,0.10781,0.11135,0.089987,0.5152,0.45763,0.52165,0.46651,0.090926,0.10884,0.11048,0.11219,0.11227,0.10804,0.10789,0.087067,0.49608,0.45262,0.52205,0.4627,0.090341,0.10694,0.11027,0.11338,0.10927,0.10528,0.1132
700,0.091153,0.35364,0.27005,0.29994,0.15989,0.10744,0.10911,0.1105,0.10842,0.11515,0.11006,0.10862,0.090795,0.36971,0.27348,0.28976,0.16579,0.10987,0.10851,0.10573,0.10927,0.11032,0.11228,0.11099,0.091153,0.37858,0.28818,0.29032,0.16391,0.10921,0.10466,0.11293,0.10975,0.11276,0.11123,0.10909,0.090431,0.38166,0.27527,0.29042,0.16151,0.10915,0.10911,0.10997,0.10836,0.11095,0.11184,0.10921,0.091379,0.4881,0.43674,0.51415,0.46108,0.095789,0.11699,0.11304,0.11305,0.10579,0.11149,0.10641,0.090848,0.5129,0.45275,0.51869,0.45987,0.095862,0.11207,0.11165,0.10784,0.11098,0.10778,0.11133,0.096379,0.51231,0.4589,0.52044,0.46956,0.090815,0.10886,0.11031,0.11222,0.11226,0.10804,0.10789,0.087028,0.49534,0.45521,0.52086,0.46708,0.090421,0.10695,0.11028,0.11328,0.10923,0.10528,0.11315
720,0.090895,0.356,0.28119,0.31369,0.16585,0.10745,0.1092,0.11043,0.10837,0.1151,0.11001,0.10862,0.091863,0.37058,0.28411,0.30231,0.17217,0.10983,0.10837,0.10572,0.10935,0.11034,0.11227,0.11094,0.090895,0.37847,0.2987,0.30321,0.1698,0.10915,0.10462,0.1129,0.10967,0.11277,0.11116,0.10917,0.091171,0.38516,0.28913,0.30466,0.16808,0.10915,0.10913,0.11004,0.10838,0.11086,0.11182,0.10922,0.091007,0.49053,0.43873,0.51393,0.46461,0.095642,0.117,0.11301,0.11303,0.10574,0.11142,0.10638,0.090678,0.51183,0.45354,0.51888,0.46283,0.095938,0.11192,0.11167,0.10795,0.11102,0.10779,0.11128,0.090727,0.51002,0.45992,0.51927,0.47232,0.090824,0.10888,0.11031,0.11206,0.11223,0.10801,0.10793,0.08679,0.49252,0.45695,0.52115,0.47082,0.090235,0.10698,0.11022,0.11331,0.10925,0.10527,0.11314
740,0.090835,0.35863,0.28643,0.32045,0.1723,0.10744,0.10907,0.11039,0.10829,0.11503,0.10997,0.10859,0.091126,0.37414,0.29626,0.31424,0.17954,0.10983,0.1084,0.10576,0.10925,0.1103,0.11222,0.11094,0.090835,0.38108,0.31009,0.31673,0.17702,0.10912,0.10466,0.11294,0.10967,0.11268,0.11118,0.1091,0.090632,0.38609,0.29766,0.31611,0.1741,0.10914,0.10913,0.10991,0.10837,0.11091,0.11186,0.10918,0.091232,0.49021,0.43881,0.51321,0.46952,0.095633,0.11697,0.11298,0.11303,0.10572,0.11135,0.10642,0.090661,0.5103,0.45597,0.51874,0.46667,0.095712,0.11198,0.11165,0.10789,0.11101,0.10776,0.11131,0.090477,0.5106,0.46046,0.51573,0.47443,0.090825,0.10889,0.11029,0.11201,0.11222,0.10795,0.10785,0.087035,0.49129,0.45886,0.51944,0.47406,0.090206,0.10691,0.11021,0.11315,0.10921,0.10533,0.11317
760,0.091027,0.35987,0.29206,0.32956,0.17821,0.10741,0.10907,0.11034,0.10829,0.11502,0.11001,0.10857,0.089941,0.37692,0.30392,0.32363,0.18616,0.10989,0.10843,0.10576,0.10931,0.11031,0.11226,0.11093,0.091027,0.382,0.31967,0.32625,0.18404,0.10908,0.10464,0.11286,0.10965,0.11271,0.11121,0.10906,0.090481,0.38903,0.30707,0.3265,0.18054,0.10909,0.10909,0.1099,0.10833,0.11096,0.11182,0.10919,0.090869,0.48728,0.43808,0.50952,0.46807,0.095606,0.11689,0.11297,0.11299,0.10574,0.11127,0.10638,0.090465,0.50907,0.45733,0.52102,0.47043,0.095848,0.11192,0.11159,0.1079,0.11096,0.10774,0.1112,0.090116,0.51088,0.46009,0.51372,0.47641,0.090832,0.10888,0.1103,0.11198,0.11225,0.10803,0.10788,0.086832,0.49017,0.45963,0.51838,0.47698,0.089868,0.10686,0.11014,0.11323,0.10921,0.10527,0.1131
780,0.091389,0.36193,0.29751,0.33796,0.18514,0.10749,0.10914,0.11046,0.10835,0.11503,0.10998,0.10862,0.090273,0.37877,0.30965,0.33483,0.19353,0.10979,0.10835,0.10567,0.1093,0.11034,0.11221,0.11093,0.091389,0.38367,0.32617,0.33691,0.1907,0.1091,0.10465,0.11287,0.10964,0.11272,0.11122,0.10909,0.090658,0.3915,0.31641,0.33768,0.1871,0.10906,0.10904,0.10991,0.10826,0.11099,0.11177,0.10914,0.091067,0.48505,0.43774,0.50699,0.47171,0.095682,0.11689,0.11292,0.11301,0.10572,0.11121,0.10642,0.090422,0.50534,0.45777,0.51489,0.47334,0.095806,0.11193,0.11152,0.10784,0.11092,0.10776,0.11125,0.098727,0.5082,0.45814,0.50937,0.47798,0.090645,0.10885,0.11027,0.11194,0.11219,0.108,0.10788,0.086665,0.48759,0.45808,0.51655,0.47966,0.08979,0.10689,0.11027,0.11313,0.10917,0.1053,0.11311
800,0.091024,0.36291,0.30101,0.3472,0.1921,0.10738,0.10897,0.11035,0.10835,0.11499,0.11002,0.10854,0.091345,0.38245,0.31593,0.34533,0.20097,0.10981,0.10841,0.10572,0.10926,0.11028,0.1122,0.11098,0.091024,0.38565,0.33122,0.34559,0.19801,0.1091,0.10464,0.1129,0.10966,0.11272,0.11121,0.10909,0.090195,0.39129,0.32196,0.34687,0.19471,0.10901,0.109,0.10992,0.10826,0.11093,0.11174,0.10919,0.090727,0.48423,0.43551,0.50719,0.47279,0.09542,0.11687,0.11297,0.11296,0.10573,0.11122,0.10633,0.090811,0.50388,0.45642,0.5125,0.47406,0.09565,0.11197,0.11157,0.10783,0.11091,0.10773,0.11125,0.090313,0.50812,0.4559,0.50984,0.47845,0.090807,0.10882,0.11026,0.11189,0.11221,0.10802,0.10781,0.086697,0.48669,0.45655,0.51441,0.4812,0.089717,0.10685,0.11008,0.11316,0.10918,0.10529,0.11313
820,0.090737,0.36394,0.30501,0.35236,0.19833,0.10742,0.10909,0.11036,0.10833,0.11494,0.10994,0.10858,0.090396,0.383,0.31977,0.35247,0.20877,0.10976,0.10832,0.10568,0.1093,0.11031,0.11215,0.11095,0.090737,0.38808,0.33528,0.35334,0.20596,0.10905,0.10455,0.11266,0.10966,0.11279,0.11117,0.1092,0.090162,0.39002,0.32462,0.35546,0.20177,0.10901,0.10898,0.10989,0.10828,0.11086,0.11174,0.10914,0.090786,0.4789,0.43265,0.50519,0.47373,0.097573,0.11681,0.1128,0.113,0.10571,0.11071,0.10629,0.090405,0.50316,0.45435,0.51157,0.47521,0.095552,0.11187,0.11159,0.10776,0.11085,0.10768,0.11125,0.095487,0.50524,0.45296,0.50709,0.47945,0.090946,0.10881,0.11019,0.11179,0.11213,0.10797,0.10779,0.086778,0.48751,0.4546,0.5116,0.48181,0.089537,0.10686,0.11005,0.11316,0.10911,0.10527,0.11307
840,0.091062,0.36411,0.30818,0.35904,0.20435,0.10744,0.10912,0.11038,0.10834,0.11492,0.10998,0.10854,0.090478,0.38346,0.32146,0.36,0.21618,0.10976,0.10837,0.10572,0.10926,0.1103,0.1122,0.11095,0.091062,0.38733,0.33704,0.35885,0.21346,0.10906,0.1046,0.11284,0.10964,0.11271,0.1112,0.1091,0.089752,0.39181,0.32926,0.3626,0.21006,0.10901,0.109,0.10992,0.1083,0.11092,0.11178,0.10916,0.090831,0.47486,0.42998,0.50071,0.47173,0.095386,0.11682,0.1129,0.113,0.10574,0.11073,0.10637,0.090452,0.50124,0.45089,0.50971,0.47647,0.095377,0.11189,0.11153,0.10791,0.11086,0.10776,0.11122,0.090076,0.50379,0.45015,0.50747,0.47974,0.090679,0.10884,0.11022,0.11188,0.11219,0.10796,0.10788,0.086829,0.48505,0.44892,0.50888,0.48152,0.089506,0.10684,0.11016,0.11313,0.10918,0.10527,0.11308
860,0.090626,0.36539,0.31003,0.36484,0.21194,0.10748,0.10911,0.11039,0.10836,0.11496,0.10995,0.10863,0.092082,0.38491,0.3245,0.36791,0.22471,0.10975,0.10838,0.10574,0.10924,0.11031,0.11224,0.11093,0.090626,0.39017,0.34051,0.36723,0.22238,0.10907,0.1046,0.11273,0.10969,0.11278,0.11116,0.10914,0.090696,0.39223,0.33314,0.36981,0.21801,0.10898,0.10899,0.10992,0.1083,0.11095,0.11172,0.10922,0.090692,0.47159,0.42872,0.50196,0.47212,0.095286,0.11679,0.11283,0.11301,0.10582,0.11064,0.10633,0.090543,0.50207,0.44666,0.50778,0.47689,0.095581,0.11188,0.11155,0.10776,0.1108,0.10773,0.11125,0.09815,0.49463,0.44915,0.50805,0.48207,0.090691,0.10888,0.11018,0.1119,0.11217,0.10802,0.10785,0.086665,0.48399,0.44934,0.50627,0.4796,0.089491,0.10682,0.11016,0.11313,0.10912,0.10533,0.113
880,0.091105,0.36612,0.31235,0.36966,0.21933,0.10753,0.10911,0.11044,0.10831,0.11495,0.11001,0.10864,0.090595,0.38585,0.32625,0.37333,0.23316,0.10975,0.10835,0.10573,0.10932,0.11031,0.11226,0.11094,0.091105,0.39137,0.34002,0.37288,0.23043,0.1091,0.10464,0.11286,0.10967,0.11272,0.11123,0.10914,0.090435,0.39477,0.33334,0.37701,0.22531,0.10902,0.10903,0.10996,0.1083,0.11089,0.1118,0.10922,0.090698,0.46844,0.42593,0.4972,0.47073,0.095419,0.11677,0.11286,0.11299,0.10577,0.11045,0.10639,0.092554,0.50171,0.44516,0.50129,0.4747,0.09549,0.11191,0.11153,0.10781,0.11077,0.10781,0.11122,0.089955,0.49315,0.44467,0.50309,0.47845,0.090739,0.10884,0.11027,0.11179,0.11219,0.10804,0.10789,0.086618,0.48285,0.44458,0.50216,0.477,0.089473,0.10687,0.11018,0.11306,0.10897,0.10533,0.11311
900,0.090865,0.3666,0.31475,0.3736,0.2261,0.10747,0.10913,0.11039,0.10832,0.11488,0.10998,0.10864,0.090716,0.38681,0.3283,0.3795,0.24188,0.10978,0.10835,0.10569,0.10932,0.11038,0.11223,0.11096,0.090865,0.39226,0.34229,0.37762,0.2387,0.10908,0.10466,0.11287,0.10968,0.1127,0.1112,0.10914,0.08956,0.39582,0.33584,0.38274,0.23311,0.10897,0.10898,0.10991,0.10826,0.11099,0.11183,0.10918,0.090593,0.46331,0.42242,0.49593,0.46521,0.095219,0.11674,0.11288,0.11306,0.10585,0.11049,0.10637,0.090307,0.49988,0.44063,0.49739,0.472,0.095456,0.11192,0.1116,0.1078,0.11076,0.10777,0.11127,0.098782,0.49278,0.44325,0.49701,0.47426,0.090504,0.10883,0.11027,0.11185,0.1122,0.10809,0.10794,0.086751,0.4802,0.44249,0.50125,0.47533,0.089529,0.10692,0.11004,0.1131,0.10887,0.10535,0.11303
920,0.091913,0.36713,0.31603,0.37877,0.2339,0.1075,0.10906,0.11037,0.10828,0.11492,0.10993,0.10853,0.091501,0.38599,0.32923,0.3842,0.25033,0.10967,0.10824,0.10569,0.10933,0.11027,0.11216,0.11077,0.091913,0.39377,0.3439,0.38325,0.24746,0.10904,0.10458,0.11269,0.10973,0.1127,0.1112,0.10919,0.090375,0.39553,0.33839,0.38816,0.24123,0.10896,0.10897,0.10991,0.10823,0.11094,0.11177,0.10915,0.090897,0.46868,0.42352,0.49025,0.46562,0.095239,0.11676,0.11279,0.11301,0.10579,0.11042,0.10634,0.090233,0.49899,0.43922,0.49429,0.46894,0.095372,0.11192,0.11153,0.10784,0.11072,0.10772,0.11124,0.092147,0.4914,0.44216,0.49559,0.47578,0.090469,0.10882,0.11018,0.11178,0.11218,0.10808,0.10789,0.086676,0.47832,0.43934,0.49458,0.47329,0.089619,0.10688,0.11002,0.11308,0.10889,0.10531,0.11305
940,0.091174,0.36712,0.31709,0.38281,0.24158,0.10754,0.10912,0.1104,0.10829,0.11484,0.10993,0.10862,0.090766,0.38728,0.33045,0.38864,0.25971,0.10973,0.10836,0.1057,0.10927,0.11026,0.11225,0.1109,0.091174,0.39388,0.34438,0.38768,0.25562,0.10908,0.1046,0.11278,0.10962,0.11267,0.11114,0.10915,0.089726,0.39632,0.33887,0.39362,0.24913,0.10899,0.109,0.1099,0.10828,0.11088,0.11175,0.10916,0.090384,0.46269,0.41998,0.4864,0.46029,0.095248,0.11678,0.11281,0.11298,0.1058,0.11038,0.10635,0.090473,0.49706,0.43521,0.49026,0.46424,0.095191,0.11189,0.1115,0.10775,0.11076,0.10768,0.11122,0.089841,0.48916,0.44002,0.49064,0.4695,0.090422,0.10882,0.11014,0.11178,0.1121,0.10799,0.10784,0.086794,0.47756,0.43788,0.49075,0.4708,0.089423,0.10683,0.11,0.11304,0.10888,0.1053,0.11305
960,0.091582,0.3671,0.31907,0.38613,0.24902,0.10752,0.1091,0.11042,0.10829,0.11492,0.10991,0.1086,0.090426,0.388,0.33298,0.39316,0.2691,0.10975,0.10834,0.1057,0.10923,0.11027,0.11223,0.11092,0.091582,0.3944,0.34668,0.38981,0.26479,0.10904,0.10457,0.11281,0.10964,0.11264,0.11116,0.10916,0.090286,0.39647,0.34183,0.39661,0.2588,0.10892,0.10902,0.10989,0.10822,0.111,0.11177,0.10921,0.09046,0.46439,0.41996,0.48344,0.45655,0.095172,0.11676,0.11287,0.11299,0.10581,0.11034,0.10639,0.090245,0.49505,0.43301,0.4872,0.46324,0.095308,0.11191,0.11146,0.10772,0.11072,0.10772,0.11126,0.089981,0.4878,0.43879,0.48838,0.4676,0.090365,0.10879,0.11015,0.11177,0.11214,0.10806,0.10787,0.086457,0.47373,0.43641,0.48664,0.46706,0.089588,0.10683,0.11005,0.11299,0.10883,0.10535,0.11307
980,0.091329,0.36738,0.31963,0.38969,0.25588,0.10744,0.10906,0.11034,0.10827,0.11482,0.10994,0.10857,0.091882,0.38896,0.33455,0.39672,0.27873,0.1097,0.10832,0.1057,0.10926,0.1103,0.11213,0.11084,0.091329,0.39671,0.34737,0.39442,0.27492,0.10897,0.10452,0.11272,0.10959,0.1126,0.11115,0.10912,0.090089,0.39859,0.34188,0.40062,0.26697,0.10889,0.10899,0.10985,0.10827,0.11089,0.11171,0.10916,0.090458,0.46137,0.41953,0.48183,0.45521,0.095175,0.11672,0.11285,0.11294,0.10574,0.11029,0.10631,0.090106,0.49344,0.42861,0.48367,0.459,0.095199,0.11191,0.11149,0.10747,0.1107,0.10773,0.11118,0.089948,0.48852,0.43789,0.4877,0.46762,0.090442,0.10879,0.11005,0.1118,0.11214,0.10794,0.10776,0.086636,0.47437,0.433,0.4843,0.46124,0.089527,0.10685,0.11002,0.11301,0.10879,0.10533,0.11296
1000,0.091985,0.36722,0.32016,0.39206,0.26361,0.10744,0.10901,0.11036,0.10835,0.11487,0.10991,0.10857,0.090801,0.38877,0.33655,0.39731,0.28811,0.10969,0.1083,0.10569,0.10932,0.1103,0.11218,0.11088,0.091985,0.3948,0.34935,0.39617,0.28483,0.10905,0.10455,0.1127,0.10962,0.11261,0.11116,0.10913,0.091738,0.39985,0.34394,0.40298,0.27503,0.10894,0.10902,0.10991,0.1083,0.11084,0.11172,0.10913,0.090619,0.46013,0.41605,0.47703,0.44814,0.095186,0.11671,0.11276,0.11297,0.10578,0.1104,0.10635,0.090483,0.49207,0.42771,0.48232,0.45401,0.095324,0.11189,0.11144,0.10736,0.1107,0.10774,0.11123,0.089798,0.48538,0.43393,0.48362,0.46087,0.090431,0.10883,0.11015,0.11182,0.1122,0.10802,0.10791,0.086352,0.47393,0.43368,0.48345,0.45937,0.089478,0.10686,0.10991,0.11316,0.10889,0.10532,0.11304
1020,0.092029,0.36667,0.32082,0.39263,0.26983,0.10733,0.10898,0.11029,0.10829,0.11485,0.10997,0.1085,0.092086,0.38851,0.3384,0.3985,0.29629,0.10967,0.10834,0.10572,0.10918,0.11031,0.11215,0.11087,0.092029,0.39346,0.34831,0.3973,0.29117,0.10902,0.10456,0.11276,0.10959,0.11258,0.11113,0.10912,0.091577,0.40027,0.3461,0.40571,0.28363,0.1089,0.10895,0.1099,0.10828,0.11086,0.11171,0.10918,0.090161,0.4604,0.41222,0.47653,0.44951,0.095433,0.11671,0.11277,0.11295,0.10579,0.11031,0.10632,0.090063,0.49094,0.4265,0.48013,0.44796,0.095151,0.11182,0.1115,0.10738,0.11064,0.10775,0.11119,0.089762,0.48358,0.43126,0.47974,0.4574,0.090318,0.10882,0.11013,0.11173,0.11215,0.10803,0.10789,0.086529,0.46961,0.42683,0.47835,0.45187,0.089459,0.10686,0.1099,0.11303,0.10886,0.10529,0.11299
1040,0.091756,0.36585,0.32085,0.39142,0.27558,0.10742,0.10902,0.1103,0.10825,0.11484,0.1099,0.10849,0.092497,0.38666,0.33883,0.39892,0.30371,0.10968,0.10842,0.1057,0.10923,0.11025,0.11214,0.11089,0.091756,0.3936,0.34915,0.40079,0.2998,0.10898,0.10457,0.11263,0.1096,0.11256,0.11109,0.10913,0.092476,0.40005,0.34608,0.40607,0.29046,0.10886,0.10896,0.10986,0.10827,0.11088,0.11169,0.10918,0.090417,0.45952,0.41158,0.47394,0.4473,0.094993,0.11671,0.11277,0.11294,0.10572,0.1103,0.10629,0.089975,0.48891,0.42114,0.4762,0.44573,0.095114,0.11186,0.11146,0.1073,0.11071,0.10769,0.11119,0.089766,0.48322,0.42939,0.47715,0.45326,0.090376,0.10885,0.11009,0.11172,0.11212,0.10799,0.10782,0.086592,0.4683,0.42435,0.47545,0.45031,0.089476,0.10682,0.10986,0.11305,0.10882,0.10535,0.11299
1060,0.092319,0.36478,0.32121,0.39129,0.2816,0.10748,0.10907,0.11034,0.10829,0.11485,0.10998,0.10857,0.090807,0.38514,0.33985,0.39848,0.30992,0.10967,0.10834,0.10569,0.10927,0.11026,0.11219,0.11088,0.092319,0.39328,0.34931,0.40086,0.30546,0.10902,0.10456,0.11274,0.1096,0.11259,0.11119,0.10912,0.091933,0.3998,0.34669,0.40608,0.29587,0.10885,0.10895,0.10989,0.10819,0.11096,0.11176,0.10924,0.090499,0.45677,0.40912,0.47221,0.44449,0.095127,0.1167,0.11272,0.11304,0.10578,0.11037,0.10634,0.090094,0.48735,0.41854,0.47401,0.44198,0.095123,0.11193,0.11152,0.10726,0.11069,0.10776,0.11121,0.090577,0.48025,0.42586,0.47403,0.44907,0.090193,0.1088,0.11012,0.11176,0.11213,0.10807,0.1079,0.086693,0.46615,0.41948,0.47287,0.44705,0.089546,0.10683,0.10992,0.11299,0.10883,0.10533,0.1131
1080,0.092475,0.36363,0.32326,0.39068,0.28704,0.10754,0.1091,0.1104,0.10829,0.11486,0.10994,0.1086,0.09065,0.38405,0.34147,0.3991,0.31523,0.10969,0.10831,0.1057,0.10929,0.11028,0.11218,0.11088,0.092475,0.39257,0.34844,0.40103,0.31007,0.10898,0.1046,0.11277,0.10965,0.1126,0.11112,0.10919,0.091887,0.39895,0.34782,0.40756,0.30298,0.10881,0.10892,0.10987,0.1082,0.11096,0.11173,0.1092,0.090418,0.45612,0.40499,0.4687,0.44231,0.094929,0.11672,0.11274,0.11295,0.10579,0.11033,0.10629,0.090055,0.48677,0.41762,0.47238,0.43785,0.095111,0.11191,0.11157,0.10726,0.11074,0.10775,0.11122,0.089576,0.47855,0.42351,0.47145,0.44773,0.090226,0.10884,0.11014,0.11172,0.11214,0.1081,0.1079,0.086508,0.46651,0.41647,0.47006,0.44394,0.089419,0.10688,0.10989,0.11303,0.10883,0.10535,0.11302
1100,0.091872,0.36246,0.32285,0.3923,0.29084,0.10756,0.1091,0.11039,0.10828,0.11487,0.10989,0.10859,0.090972,0.3825,0.34304,0.40073,0.32052,0.10968,0.10839,0.10569,0.10928,0.11024,0.11219,0.11089,0.091872,0.39224,0.35124,0.40406,0.31553,0.109,0.10459,0.1128,0.10962,0.11255,0.11116,0.10918,0.090805,0.40045,0.3494,0.4084,0.30803,0.10892,0.10896,0.10994,0.10823,0.11085,0.11175,0.10914,0.091076,0.45425,0.40355,0.4665,0.43972,0.094887,0.11666,0.11271,0.11296,0.10585,0.1103,0.10628,0.089943,0.48371,0.41349,0.46853,0.43627,0.095069,0.11194,0.11154,0.10737,0.11067,0.10775,0.11121,0.089309,0.47865,0.42184,0.47006,0.44501,0.090247,0.10878,0.11009,0.11173,0.11209,0.10804,0.1079,0.086423,0.46496,0.41326,0.46768,0.44054,0.089425,0.10685,0.10987,0.11306,0.10885,0.10535,0.11304
1120,0.092653,0.36187,0.32268,0.39207,0.29535,0.10759,0.10907,0.11042,0.10837,0.11485,0.10995,0.10859,0.090284,0.38081,0.34226,0.40108,0.32402,0.10963,0.10836,0.10574,0.10936,0.1103,0.11221,0.11089,0.092653,0.39212,0.35197,0.40498,0.32015,0.109,0.10461,0.1128,0.10962,0.11264,0.11122,0.10918,0.090816,0.39946,0.3492,0.40884,0.31197,0.10886,0.10899,0.10997,0.10826,0.11087,0.11175,0.10918,0.090265,0.45069,0.40009,0.46266,0.43634,0.09472,0.1161,0.11267,0.11299,0.10585,0.11023,0.10633,0.09001,0.48319,0.4123,0.46562,0.43364,0.094994,0.112,0.11156,0.10731,0.11067,0.10781,0.11119,0.089388,0.47616,0.41915,0.46605,0.44308,0.090203,0.10888,0.11016,0.11169,0.11212,0.10816,0.10784,0.086593,0.46277,0.4118,0.4646,0.43655,0.089399,0.10692,0.10982,0.11304,0.10891,0.1054,0.11308
1140,0.091872,0.35945,0.32313,0.39108,0.29959,0.10788,0.10919,0.11056,0.10843,0.1148,0.1099,0.10876,0.091965,0.38023,0.34358,0.40338,0.32773,0.10973,0.10843,0.10568,0.10937,0.11032,0.11232,0.11095,0.091872,0.39077,0.35152,0.4089,0.32503,0.10903,0.10462,0.11284,0.10953,0.11262,0.1112,0.10921,0.09129,0.3995,0.34858,0.41105,0.31753,0.10878,0.10892,0.11002,0.10829,0.1107,0.11181,0.10917,0.090331,0.44897,0.39658,0.45914,0.43365,0.094467,0.1158,0.11265,0.113,0.10601,0.10994,0.10626,0.090004,0.48323,0.41046,0.46457,0.42906,0.09473,0.11195,0.11167,0.10747,0.11064,0.10789,0.11116,0.089726,0.47517,0.41657,0.46488,0.44004,0.090348,0.1089,0.1102,0.11149,0.11222,0.10826,0.1078,0.086549,0.46215,0.41065,0.46339,0.43587,0.089253,0.10694,0.10958,0.11319,0.10896,0.10539,0.11313
1160,0.092102,0.35861,0.32298,0.38926,0.3047,0.10802,0.10914,0.11062,0.10846,0.11473,0.1099,0.10886,0.091473,0.37937,0.34418,0.40516,0.33124,0.10973,0.10855,0.10572,0.1094,0.11029,0.11243,0.11095,0.092102,0.38955,0.34971,0.4087,0.32905,0.10897,0.10459,0.11301,0.1095,0.11251,0.11117,0.10922,0.090758,0.39738,0.34921,0.4118,0.32149,0.10873,0.10885,0.11007,0.10819,0.11068,0.11181,0.1092,0.090809,0.44687,0.39366,0.45448,0.42873,0.094271,0.1157,0.11264,0.11289,0.10615,0.10977,0.10615,0.090041,0.48126,0.40883,0.46232,0.42851,0.094615,0.11197,0.11175,0.10755,0.11059,0.10793,0.11121,0.089687,0.47476,0.41543,0.46479,0.43892,0.090571,0.10891,0.11025,0.11137,0.11207,0.10838,0.10777,0.086539,0.46196,0.40931,0.46104,0.43079,0.089294,0.10696,0.10947,0.1132,0.109,0.10549,0.11327
1180,0.09205,0.3569,0.32312,0.3889,0.30649,0.10787,0.10916,0.11057,0.10819,0.11478,0.10991,0.1088,0.091951,0.37655,0.34359,0.40241,0.33267,0.10974,0.10852,0.10569,0.10937,0.11028,0.11236,0.11096,0.09205,0.38724,0.34897,0.40666,0.33052,0.10901,0.10462,0.11305,0.10955,0.11249,0.11125,0.10917,0.090695,0.39608,0.35015,0.4112,0.32472,0.10869,0.1089,0.11001,0.10823,0.11068,0.11182,0.10918,0.090181,0.44426,0.38883,0.45131,0.42661,0.094384,0.11574,0.11265,0.11291,0.10601,0.11001,0.10623,0.089897,0.48131,0.40619,0.45978,0.42446,0.094691,0.11194,0.11177,0.10758,0.11069,0.10788,0.1112,0.093975,0.47008,0.41042,0.45752,0.43413,0.090401,0.10894,0.11024,0.1115,0.11209,0.10833,0.10794,0.086471,0.45945,0.40616,0.45867,0.42923,0.089228,0.10692,0.10961,0.11316,0.10899,0.10546,0.11324
1200,0.092023,0.35546,0.32278,0.38843,0.3095,0.10783,0.10909,0.11055,0.10792,0.11482,0.10994,0.10878,0.09045,0.3743,0.34321,0.40261,0.3355,0.10966,0.1084,0.10572,0.10939,0.1103,0.11234,0.11095,0.092023,0.38757,0.35045,0.4081,0.33548,0.10898,0.10462,0.11298,0.10959,0.1126,0.11119,0.10916,0.090554,0.39518,0.35028,0.4117,0.32865,0.10863,0.10892,0.10998,0.10825,0.11082,0.11179,0.1092,0.090116,0.44207,0.38797,0.44774,0.42135,0.094504,0.11573,0.11267,0.11285,0.10594,0.10999,0.10631,0.090119,0.47853,0.40357,0.45525,0.4196,0.094649,0.11194,0.11165,0.10739,0.11063,0.10786,0.11123,0.0895,0.46949,0.40955,0.45639,0.4319,0.090281,0.10886,0.11022,0.1116,0.11209,0.10828,0.10792,0.086477,0.45851,0.40304,0.45309,0.42391,0.089251,0.10691,0.1097,0.11306,0.10898,0.10546,0.11319
1220,0.092354,0.35316,0.32207,0.38755,0.31022,0.10781,0.1092,0.11059,0.1079,0.11482,0.10991,0.10877,0.090313,0.37239,0.34323,0.40231,0.33879,0.10964,0.10846,0.10578,0.10942,0.11029,0.11236,0.11095,0.092354,0.38536,0.34949,0.40836,0.33762,0.10904,0.1047,0.113,0.10957,0.11255,0.11122,0.10925,0.090913,0.3937,0.35039,0.4114,0.33074,0.10859,0.10892,0.11001,0.10828,0.11093,0.11178,0.1092,0.09031,0.44017,0.386,0.44328,0.41765,0.094435,0.11566,0.11278,0.11289,0.10607,0.10994,0.10634,0.089956,0.47715,0.4016,0.45031,0.41451,0.094462,0.11194,0.11173,0.10754,0.11062,0.10786,0.11122,0.089541,0.46853,0.40481,0.45292,0.42891,0.090227,0.10886,0.11019,0.11159,0.11212,0.10823,0.10786,0.086549,0.45678,0.3987,0.45076,0.41927,0.089279,0.1069,0.10965,0.11311,0.10889,0.10551,0.11321
1240,0.091693,0.35158,0.32239,0.387,0.31494,0.10779,0.10914,0.1105,0.10779,0.11489,0.10995,0.10869,0.090813,0.37043,0.34299,0.40357,0.34027,0.10972,0.10845,0.10566,0.10942,0.11029,0.11227,0.11094,0.091693,0.38504,0.34994,0.40912,0.34072,0.10897,0.1046,0.11296,0.10954,0.1126,0.1112,0.10912,0.09028,0.39303,0.3505,0.41339,0.33445,0.10865,0.10895,0.11,0.10828,0.1108,0.11181,0.10916,0.09019,0.43849,0.38034,0.43912,0.41423,0.094321,0.11565,0.11266,0.11281,0.10595,0.11,0.10625,0.090409,0.47537,0.39869,0.44808,0.4116,0.094415,0.11192,0.11161,0.10744,0.11067,0.10787,0.11124,0.089242,0.46578,0.40419,0.44934,0.42736,0.090193,0.10891,0.11013,0.11153,0.11206,0.10825,0.10792,0.086345,0.45508,0.39736,0.44913,0.41734,0.089248,0.1069,0.10962,0.11294,0.1089,0.10544,0.11317
1260,0.091635,0.34948,0.32229,0.38576,0.31569,0.1078,0.10915,0.11051,0.1077,0.11488,0.10996,0.10869,0.091597,0.36859,0.34214,0.40341,0.34334,0.10963,0.10849,0.10569,0.10934,0.11026,0.1123,0.11091,0.091635,0.38382,0.34848,0.40922,0.34243,0.10896,0.10459,0.11287,0.10957,0.11257,0.11115,0.1092,0.091454,0.39029,0.34875,0.41139,0.33525,0.10857,0.10893,0.10999,0.10825,0.11079,0.11177,0.10916,0.090248,0.43613,0.37783,0.43666,0.41192,0.094309,0.11563,0.11268,0.11278,0.10595,0.11006,0.10622,0.089703,0.47313,0.39659,0.44431,0.40873,0.094175,0.11192,0.11159,0.10732,0.11064,0.10778,0.11121,0.08944,0.46389,0.39802,0.44459,0.42004,0.090096,0.10885,0.11008,0.11154,0.11206,0.10815,0.10787,0.086371,0.45377,0.39313,0.44531,0.41322,0.089344,0.10685,0.10967,0.11287,0.10892,0.10539,0.11315
1280,0.09219,0.34683,0.32144,0.38473,0.31772,0.10774,0.10902,0.11049,0.10766,0.11478,0.10994,0.10866,0.091021,0.36599,0.34101,0.40367,0.3443,0.10961,0.10838,0.10567,0.10936,0.1103,0.11222,0.1109,0.09219,0.38429,0.34963,0.40979,0.34664,0.10897,0.10459,0.11294,0.10958,0.11259,0.11116,0.1092,0.091059,0.38836,0.34877,0.41273,0.33808,0.10852,0.1089,0.11001,0.10821,0.11085,0.11173,0.10923,0.089995,0.4342,0.37751,0.43166,0.4057,0.094554,0.1155,0.11261,0.11278,0.10596,0.11008,0.1063,0.090285,0.47206,0.39464,0.44188,0.40516,0.094244,0.112,0.11161,0.10732,0.11061,0.10776,0.11127,0.096442,0.46233,0.39744,0.44322,0.41604,0.090176,0.10888,0.11013,0.11164,0.11212,0.10819,0.10794,0.08636,0.4516,0.39232,0.44384,0.40963,0.089455,0.10689,0.10973,0.1128,0.10892,0.10543,0.11315
1300,0.091974,0.34425,0.32165,0.38381,0.31929,0.1079,0.10919,0.11055,0.10764,0.11483,0.10994,0.10878,0.090262,0.36396,0.33975,0.40279,0.34619,0.10979,0.10851,0.1058,0.10942,0.1103,0.11239,0.11095,0.091974,0.38271,0.34829,0.40776,0.3482,0.10898,0.10466,0.113,0.10954,0.1126,0.11119,0.10917,0.090947,0.38582,0.34756,0.41286,0.33949,0.10859,0.10894,0.11003,0.10826,0.11085,0.1118,0.10924,0.090126,0.43313,0.37314,0.43268,0.4031,0.094187,0.11549,0.11267,0.11278,0.10602,0.10999,0.10626,0.090093,0.47054,0.39298,0.43851,0.40244,0.094198,0.11196,0.11168,0.10747,0.11065,0.10787,0.11128,0.094985,0.45993,0.39405,0.44033,0.41277,0.090233,0.1089,0.11016,0.11155,0.11208,0.10825,0.10783,0.086453,0.45147,0.39069,0.43981,0.4044,0.089198,0.10697,0.10959,0.11293,0.10898,0.1055,0.11325
,,,,,,,,,,,,,,,,,,,,,,,,,,,,,,,,,,,,,,,,,,,,,,,,,,,,,,,,,,,,,,,,,,,,,,,,,,,,,,,,,,,,,,,,,,,,,,,,
,,,,,,,,,,,,,,,,,,,,,,,,,,,,,,,,,,,,,,,,,,,,,,,,,,,,,,,,,,,,,,,,,,,,,,,,,,,,,,,,,,,,,,,,,,,,,,,,
,,,,,,,,,,,,,,,,,,,,,,,,,,,,,,,,,,,,,,,,,,,,,,,,,,,,,,,,,,,,,,,,,,,,,,,,,,,,,,,,,,,,,,,,,,,,,,,,
,,,,,,,,,,,,,,,,,,,,,,,,,,,,,,,,,,,,,,,,,,,,,,,,,,,,,,,,,,,,,,,,,,,,,,,,,,,,,,,,,,,,,,,,,,,,,,,,
,,,,,,,,,,,,,,,,,,,,,,,,,,,,,,,,,,,,,,,,,,,,,,,,,,,,,,,,,,,,,,,,,,,,,,,,,,,,,,,,,,,,,,,,,,,,,,,,
,,,,,,,,,,,,,,,,,,,,,,,,,,,,,,,,,,,,,,,,,,,,,,,,,,,,,,,,,,,,,,,,,,,,,,,,,,,,,,,,,,,,,,,,,,,,,,,,
,,,,,,,,,,,,,,,,,,,,,,,,,,,,,,,,,,,,,,,,,,,,,,,,,,,,,,,,,,,,,,,,,,,,,,,,,,,,,,,,,,,,,,,,,,,,,,,,
,,,,,,,,,,,,,,,,,,,,,,,,,,,,,,,,,,,,,,,,,,,,,,,,,,,,,,,,,,,,,,,,,,,,,,,,,,,,,,,,,,,,,,,,,,,,,,,,
,,,,,,,,,,,,,,,,,,,,,,,,,,,,,,,,,,,,,,,,,,,,,,,,,,,,,,,,,,,,,,,,,,,,,,,,,,,,,,,,,,,,,,,,,,,,,,,,
,,,,,,,,,,,,,,,,,,,,,,,,,,,,,,,,,,,,,,,,,,,,,,,,,,,,,,,,,,,,,,,,,,,,,,,,,,,,,,,,,,,,,,,,,,,,,,,,
,,,,,,,,,,,,,,,,,,,,,,,,,,,,,,,,,,,,,,,,,,,,,,,,,,,,,,,,,,,,,,,,,,,,,,,,,,,,,,,,,,,,,,,,,,,,,,,,
,,,,,,,,,,,,,,,,,,,,,,,,,,,,,,,,,,,,,,,,,,,,,,,,,,,,,,,,,,,,,,,,,,,,,,,,,,,,,,,,,,,,,,,,,,,,,,,,
,,,,,,,,,,,,,,,,,,,,,,,,,,,,,,,,,,,,,,,,,,,,,,,,,,,,,,,,,,,,,,,,,,,,,,,,,,,,,,,,,,,,,,,,,,,,,,,,
,,,,,,,,,,,,,,,,,,,,,,,,,,,,,,,,,,,,,,,,,,,,,,,,,,,,,,,,,,,,,,,,,,,,,,,,,,,,,,,,,,,,,,,,,,,,,,,,
,,,,,,,,,,,,,,,,,,,,,,,,,,,,,,,,,,,,,,,,,,,,,,,,,,,,,,,,,,,,,,,,,,,,,,,,,,,,,,,,,,,,,,,,,,,,,,,,
,,,,,,,,,,,,,,,,,,,,,,,,,,,,,,,,,,,,,,,,,,,,,,,,,,,,,,,,,,,,,,,,,,,,,,,,,,,,,,,,,,,,,,,,,,,,,,,,
,,,,,,,,,,,,,,,,,,,,,,,,,,,,,,,,,,,,,,,,,,,,,,,,,,,,,,,,,,,,,,,,,,,,,,,,,,,,,,,,,,,,,,,,,,,,,,,,
,,,,,,,,,,,,,,,,,,,,,,,,,,,,,,,,,,,,,,,,,,,,,,,,,,,,,,,,,,,,,,,,,,,,,,,,,,,,,,,,,,,,,,,,,,,,,,,,
,,,,,,,,,,,,,,,,,,,,,,,,,,,,,,,,,,,,,,,,,,,,,,,,,,,,,,,,,,,,,,,,,,,,,,,,,,,,,,,,,,,,,,,,,,,,,,,,
,,,,,,,,,,,,,,,,,,,,,,,,,,,,,,,,,,,,,,,,,,,,,,,,,,,,,,,,,,,,,,,,,,,,,,,,,,,,,,,,,,,,,,,,,,,,,,,,
,,,,,,,,,,,,,,,,,,,,,,,,,,,,,,,,,,,,,,,,,,,,,,,,,,,,,,,,,,,,,,,,,,,,,,,,,,,,,,,,,,,,,,,,,,,,,,,,
,,,,,,,,,,,,,,,,,,,,,,,,,,,,,,,,,,,,,,,,,,,,,,,,,,,,,,,,,,,,,,,,,,,,,,,,,,,,,,,,,,,,,,,,,,,,,,,,
,,,,,,,,,,,,,,,,,,,,,,,,,,,,,,,,,,,,,,,,,,,,,,,,,,,,,,,,,,,,,,,,,,,,,,,,,,,,,,,,,,,,,,,,,,,,,,,,
,,,,,,,,,,,,,,,,,,,,,,,,,,,,,,,,,,,,,,,,,,,,,,,,,,,,,,,,,,,,,,,,,,,,,,,,,,,,,,,,,,,,,,,,,,,,,,,,
,,,,,,,,,,,,,,,,,,,,,,,,,,,,,,,,,,,,,,,,,,,,,,,,,,,,,,,,,,,,,,,,,,,,,,,,,,,,,,,,,,,,,,,,,,,,,,,,
,,,,,,,,,,,,,,,,,,,,,,,,,,,,,,,,,,,,,,,,,,,,,,,,,,,,,,,,,,,,,,,,,,,,,,,,,,,,,,,,,,,,,,,,,,,,,,,,
,,,,,,,,,,,,,,,,,,,,,,,,,,,,,,,,,,,,,,,,,,,,,,,,,,,,,,,,,,,,,,,,,,,,,,,,,,,,,,,,,,,,,,,,,,,,,,,,
,,,,,,,,,,,,,,,,,,,,,,,,,,,,,,,,,,,,,,,,,,,,,,,,,,,,,,,,,,,,,,,,,,,,,,,,,,,,,,,,,,,,,,,,,,,,,,,,
,,,,,,,,,,,,,,,,,,,,,,,,,,,,,,,,,,,,,,,,,,,,,,,,,,,,,,,,,,,,,,,,,,,,,,,,,,,,,,,,,,,,,,,,,,,,,,,,
,,,,,,,,,,,,,,,,,,,,,,,,,,,,,,,,,,,,,,,,,,,,,,,,,,,,,,,,,,,,,,,,,,,,,,,,,,,,,,,,,,,,,,,,,,,,,,,,
,,,,,,,,,,,,,,,,,,,,,,,,,,,,,,,,,,,,,,,,,,,,,,,,,,,,,,,,,,,,,,,,,,,,,,,,,,,,,,,,,,,,,,,,,,,,,,,,
,,,,,,,,,,,,,,,,,,,,,,,,,,,,,,,,,,,,,,,,,,,,,,,,,,,,,,,,,,,,,,,,,,,,,,,,,,,,,,,,,,,,,,,,,,,,,,,,
,,,,,,,,,,,,,,,,,,,,,,,,,,,,,,,,,,,,,,,,,,,,,,,,,,,,,,,,,,,,,,,,,,,,,,,,,,,,,,,,,,,,,,,,,,,,,,,,
,,,,,,,,,,,,,,,,,,,,,,,,,,,,,,,,,,,,,,,,,,,,,,,,,,,,,,,,,,,,,,,,,,,,,,,,,,,,,,,,,,,,,,,,,,,,,,,,
,,,,,,,,,,,,,,,,,,,,,,,,,,,,,,,,,,,,,,,,,,,,,,,,,,,,,,,,,,,,,,,,,,,,,,,,,,,,,,,,,,,,,,,,,,,,,,,,
,,,,,,,,,,,,,,,,,,,,,,,,,,,,,,,,,,,,,,,,,,,,,,,,,,,,,,,,,,,,,,,,,,,,,,,,,,,,,,,,,,,,,,,,,,,,,,,,
,,,,,,,,,,,,,,,,,,,,,,,,,,,,,,,,,,,,,,,,,,,,,,,,,,,,,,,,,,,,,,,,,,,,,,,,,,,,,,,,,,,,,,,,,,,,,,,,
,,,,,,,,,,,,,,,,,,,,,,,,,,,,,,,,,,,,,,,,,,,,,,,,,,,,,,,,,,,,,,,,,,,,,,,,,,,,,,,,,,,,,,,,,,,,,,,,
,,,,,,,,,,,,,,,,,,,,,,,,,,,,,,,,,,,,,,,,,,,,,,,,,,,,,,,,,,,,,,,,,,,,,,,,,,,,,,,,,,,,,,,,,,,,,,,,
,,,,,,,,,,,,,,,,,,,,,,,,,,,,,,,,,,,,,,,,,,,,,,,,,,,,,,,,,,,,,,,,,,,,,,,,,,,,,,,,,,,,,,,,,,,,,,,,
,,,,,,,,,,,,,,,,,,,,,,,,,,,,,,,,,,,,,,,,,,,,,,,,,,,,,,,,,,,,,,,,,,,,,,,,,,,,,,,,,,,,,,,,,,,,,,,,
,,,,,,,,,,,,,,,,,,,,,,,,,,,,,,,,,,,,,,,,,,,,,,,,,,,,,,,,,,,,,,,,,,,,,,,,,,,,,,,,,,,,,,,,,,,,,,,,
,,,,,,,,,,,,,,,,,,,,,,,,,,,,,,,,,,,,,,,,,,,,,,,,,,,,,,,,,,,,,,,,,,,,,,,,,,,,,,,,,,,,,,,,,,,,,,,,
,,,,,,,,,,,,,,,,,,,,,,,,,,,,,,,,,,,,,,,,,,,,,,,,,,,,,,,,,,,,,,,,,,,,,,,,,,,,,,,,,,,,,,,,,,,,,,,,
,,,,,,,,,,,,,,,,,,,,,,,,,,,,,,,,,,,,,,,,,,,,,,,,,,,,,,,,,,,,,,,,,,,,,,,,,,,,,,,,,,,,,,,,,,,,,,,,
,,,,,,,,,,,,,,,,,,,,,,,,,,,,,,,,,,,,,,,,,,,,,,,,,,,,,,,,,,,,,,,,,,,,,,,,,,,,,,,,,,,,,,,,,,,,,,,,
,,,,,,,,,,,,,,,,,,,,,,,,,,,,,,,,,,,,,,,,,,,,,,,,,,,,,,,,,,,,,,,,,,,,,,,,,,,,,,,,,,,,,,,,,,,,,,,,
,,,,,,,,,,,,,,,,,,,,,,,,,,,,,,,,,,,,,,,,,,,,,,,,,,,,,,,,,,,,,,,,,,,,,,,,,,,,,,,,,,,,,,,,,,,,,,,,
,,,,,,,,,,,,,,,,,,,,,,,,,,,,,,,,,,,,,,,,,,,,,,,,,,,,,,,,,,,,,,,,,,,,,,,,,,,,,,,,,,,,,,,,,,,,,,,,
,,,,,,,,,,,,,,,,,,,,,,,,,,,,,,,,,,,,,,,,,,,,,,,,,,,,,,,,,,,,,,,,,,,,,,,,,,,,,,,,,,,,,,,,,,,,,,,,
,,,,,,,,,,,,,,,,,,,,,,,,,,,,,,,,,,,,,,,,,,,,,,,,,,,,,,,,,,,,,,,,,,,,,,,,,,,,,,,,,,,,,,,,,,,,,,,,
,,,,,,,,,,,,,,,,,,,,,,,,,,,,,,,,,,,,,,,,,,,,,,,,,,,,,,,,,,,,,,,,,,,,,,,,,,,,,,,,,,,,,,,,,,,,,,,,
,,,,,,,,,,,,,,,,,,,,,,,,,,,,,,,,,,,,,,,,,,,,,,,,,,,,,,,,,,,,,,,,,,,,,,,,,,,,,,,,,,,,,,,,,,,,,,,,
,,,,,,,,,,,,,,,,,,,,,,,,,,,,,,,,,,,,,,,,,,,,,,,,,,,,,,,,,,,,,,,,,,,,,,,,,,,,,,,,,,,,,,,,,,,,,,,,
,,,,,,,,,,,,,,,,,,,,,,,,,,,,,,,,,,,,,,,,,,,,,,,,,,,,,,,,,,,,,,,,,,,,,,,,,,,,,,,,,,,,,,,,,,,,,,,,
,,,,,,,,,,,,,,,,,,,,,,,,,,,,,,,,,,,,,,,,,,,,,,,,,,,,,,,,,,,,,,,,,,,,,,,,,,,,,,,,,,,,,,,,,,,,,,,,
,,,,,,,,,,,,,,,,,,,,,,,,,,,,,,,,,,,,,,,,,,,,,,,,,,,,,,,,,,,,,,,,,,,,,,,,,,,,,,,,,,,,,,,,,,,,,,,,
,,,,,,,,,,,,,,,,,,,,,,,,,,,,,,,,,,,,,,,,,,,,,,,,,,,,,,,,,,,,,,,,,,,,,,,,,,,,,,,,,,,,,,,,,,,,,,,,
,,,,,,,,,,,,,,,,,,,,,,,,,,,,,,,,,,,,,,,,,,,,,,,,,,,,,,,,,,,,,,,,,,,,,,,,,,,,,,,,,,,,,,,,,,,,,,,,
,,,,,,,,,,,,,,,,,,,,,,,,,,,,,,,,,,,,,,,,,,,,,,,,,,,,,,,,,,,,,,,,,,,,,,,,,,,,,,,,,,,,,,,,,,,,,,,,
,,,,,,,,,,,,,,,,,,,,,,,,,,,,,,,,,,,,,,,,,,,,,,,,,,,,,,,,,,,,,,,,,,,,,,,,,,,,,,,,,,,,,,,,,,,,,,,,
,,,,,,,,,,,,,,,,,,,,,,,,,,,,,,,,,,,,,,,,,,,,,,,,,,,,,,,,,,,,,,,,,,,,,,,,,,,,,,,,,,,,,,,,,,,,,,,,
,,,,,,,,,,,,,,,,,,,,,,,,,,,,,,,,,,,,,,,,,,,,,,,,,,,,,,,,,,,,,,,,,,,,,,,,,,,,,,,,,,,,,,,,,,,,,,,,
,,,,,,,,,,,,,,,,,,,,,,,,,,,,,,,,,,,,,,,,,,,,,,,,,,,,,,,,,,,,,,,,,,,,,,,,,,,,,,,,,,,,,,,,,,,,,,,,
,,,,,,,,,,,,,,,,,,,,,,,,,,,,,,,,,,,,,,,,,,,,,,,,,,,,,,,,,,,,,,,,,,,,,,,,,,,,,,,,,,,,,,,,,,,,,,,,
,,,,,,,,,,,,,,,,,,,,,,,,,,,,,,,,,,,,,,,,,,,,,,,,,,,,,,,,,,,,,,,,,,,,,,,,,,,,,,,,,,,,,,,,,,,,,,,,